[
  {
    "items": [],
    "id": "593ae574"
  },
  {
    "items": [],
    "id": "3ff795ea"
  },
  {
    "items": [],
    "id": "dd83d9e6"
  },
  {
    "items": [],
    "id": "0229102e"
  },
  {
    "items": [],
    "id": "120c8836"
  },
  {
    "items": [],
    "id": "b9bc713d"
  },
  {
    "items": [
      {
        "id": "cf3f447a",
        "quantity": 4
      },
      {
        "id": "20e51f34",
        "quantity": 2
      },
      {
        "id": "03a2188b",
        "quantity": 1
      }
    ],
    "id": "86e887dd"
  },
  {
    "items": [
      {
        "id": "cf3f447a",
        "quantity": 3
      },
      {
        "id": "a8f3ec8c",
        "quantity": 1
      }
    ],
    "id": "ee1e1324"
  },
  {
    "items": [],
    "id": "5ce85ce2"
  },
  {
    "items": [
      {
        "id": "cf3f447a",
        "quantity": 1
      },
      {
        "id": "03a2188b",
        "quantity": 2
      }
    ],
    "id": "bb488968"
  }
]